"IBaseEmitter [m]","VCollector []","Inegative(IC) [mA]"
0,0,0
0,0.1,1.9603115500481E-13
0,0.2,2.00041666091076E-13
0,0.3,2.00116458937306E-13
0,0.4,2.00117984477268E-13
0,0.5,2.00118015596505E-13
0,0.6,2.00118016231229E-13
0,0.7,2.00118016244154E-13
0,0.8,2.00118016244558E-13
0,0.9,2.00118016244558E-13
0,1,2.00118016244558E-13
0,1.1,2.00118016244558E-13
0,1.2,2.00118016244961E-13
0,1.3,2.00118016244961E-13
0,1.4,2.00118016244961E-13
0,1.5,2.00118016244961E-13
0,1.6,2.00118016244961E-13
0,1.7,2.00118016244961E-13
0,1.8,2.00118016244961E-13
0,1.9,2.00118016244961E-13
0,2,2.00118016244961E-13
0,2.1,2.00118016244961E-13
0,2.2,2.00118016244961E-13
0,2.3,2.00118016244961E-13
0,2.4,2.00118016244961E-13
0,2.5,2.00118016244961E-13
0,2.6,2.00118016244961E-13
0,2.7,2.00118016244961E-13
0,2.8,2.00118016244961E-13
0,2.9,2.00118016244961E-13
0,3,2.00118016244961E-13
0,3.1,2.00118016244961E-13
0,3.2,2.00118016244961E-13
0,3.3,2.00118016244961E-13
0,3.4,2.00118016244961E-13
0,3.5,2.00118016243346E-13
0,3.6,2.00118016244961E-13
0,3.7,2.00118016243346E-13
0,3.8,2.00118016244961E-13
0,3.9,2.00118016243346E-13
0,4,2.00118016244961E-13
0,4.1,2.00118016244961E-13
0,4.2,2.00118016244961E-13
0,4.3,2.00118016243346E-13
0,4.4,2.00118016244961E-13
0,4.5,2.00118016244961E-13
0,4.6,2.00118016244961E-13
0,4.7,2.0011801624173E-13
0,4.8,2.00118016244961E-13
0,4.9,2.0011801624173E-13
0,5,2.00118016244961E-13
0,5.1,2.00118016244961E-13
0,5.2,2.00118016244961E-13
0,5.3,2.0011801624173E-13
0,5.4,2.00118016244961E-13
0,5.5,2.00118016244961E-13
0,5.6,2.00118016244961E-13
0,5.7,2.0011801624173E-13
0,5.8,2.00118016244961E-13
0,5.9,2.0011801624173E-13
0,6,2.00118016244961E-13
0,6.1,2.00118016244961E-13
0,6.2,2.00118016244961E-13
0,6.3,2.0011801624173E-13
0,6.4,2.00118016244961E-13
0,6.5,2.00118016244961E-13
0,6.6,2.00118016244961E-13
0,6.7,2.00118016244961E-13
0,6.8,2.00118016244961E-13
0,6.9,2.00118016244961E-13
0,7,2.00118016244961E-13
0,7.1,2.00118016244961E-13
0,7.2,2.00118016244961E-13
0,7.3,2.00118016244961E-13
0,7.4,2.00118016244961E-13
0,7.5,2.00118016244961E-13
0,7.6,2.00118016244961E-13
0,7.7,2.0011801624173E-13
0,7.8,2.0011801624173E-13
0,7.9,2.00118016244961E-13
0,8,2.00118016244961E-13
0,8.1,2.00118016244961E-13
0,8.2,2.00118016244961E-13
0,8.3,2.00118016244961E-13
0,8.4,2.00118016244961E-13
0,8.5,2.00118016244961E-13
0,8.6,2.0011801624173E-13
0,8.7,2.00118016244961E-13
0,8.8,2.00118016244961E-13
0,8.9,2.00118016244961E-13
0,9,2.00118016244961E-13
0,9.1,2.00118016244961E-13
0,9.2,2.00118016244961E-13
0,9.3,2.00118016244961E-13
0,9.4,2.00118016248193E-13
0,9.5,2.00118016248193E-13
0,9.6,2.00118016248193E-13
0,9.7,2.0011801624173E-13
0,9.8,2.0011801624173E-13
0,9.9,2.00118016248193E-13
0,10,2.00118016248193E-13
0.5,0,-0.485513608911447
0.5,0.1,11.2557276247495
0.5,0.2,41.2459441666598
0.5,0.3,49.7021510826708
0.5,0.4,49.9938195608535
0.5,0.5,49.999873882667
0.5,0.6,49.9999974273646
0.5,0.7,49.9999999475317
0.5,0.8,49.9999999989397
0.5,0.9,49.9999999999884
0.5,1,50.0000000000098
0.5,1.1,50.0000000000102
0.5,1.2,50.0000000000102
0.5,1.3,50.0000000000102
0.5,1.4,50.0000000000102
0.5,1.5,50.0000000000102
0.5,1.6,50.0000000000102
0.5,1.7,50.0000000000102
0.5,1.8,50.0000000000102
0.5,1.9,50.0000000000102
0.5,2,50.0000000000102
0.5,2.1,50.0000000000102
0.5,2.2,50.0000000000102
0.5,2.3,50.0000000000102
0.5,2.4,50.0000000000102
0.5,2.5,50.0000000000102
0.5,2.6,50.0000000000102
0.5,2.7,50.0000000000102
0.5,2.8,50.0000000000102
0.5,2.9,50.0000000000102
0.5,3,50.0000000000102
0.5,3.1,50.0000000000102
0.5,3.2,50.0000000000102
0.5,3.3,50.0000000000102
0.5,3.4,50.0000000000102
0.5,3.5,50.0000000000102
0.5,3.6,50.0000000000102
0.5,3.7,50.0000000000102
0.5,3.8,50.0000000000102
0.5,3.9,50.0000000000102
0.5,4,50.0000000000102
0.5,4.1,50.0000000000102
0.5,4.2,50.0000000000102
0.5,4.3,50.0000000000102
0.5,4.4,50.0000000000102
0.5,4.5,50.0000000000102
0.5,4.6,50.0000000000102
0.5,4.7,50.0000000000102
0.5,4.8,50.0000000000102
0.5,4.9,50.0000000000102
0.5,5,50.0000000000102
0.5,5.1,50.0000000000102
0.5,5.2,50.0000000000102
0.5,5.3,50.0000000000102
0.5,5.4,50.0000000000102
0.5,5.5,50.0000000000102
0.5,5.6,50.0000000000102
0.5,5.7,50.0000000000102
0.5,5.8,50.0000000000102
0.5,5.9,50.0000000000102
0.5,6,50.0000000000102
0.5,6.1,50.0000000000102
0.5,6.2,50.0000000000102
0.5,6.3,50.0000000000102
0.5,6.4,50.0000000000102
0.5,6.5,50.0000000000102
0.5,6.6,50.0000000000102
0.5,6.7,50.0000000000102
0.5,6.8,50.0000000000102
0.5,6.9,50.0000000000102
0.5,7,50.0000000000102
0.5,7.1,50.0000000000102
0.5,7.2,50.0000000000102
0.5,7.3,50.0000000000102
0.5,7.4,50.0000000000102
0.5,7.5,50.0000000000102
0.5,7.6,50.0000000000102
0.5,7.7,50.0000000000102
0.5,7.8,50.0000000000102
0.5,7.9,50.0000000000102
0.5,8,50.0000000000102
0.5,8.1,50.0000000000102
0.5,8.2,50.0000000000102
0.5,8.3,50.0000000000102
0.5,8.4,50.0000000000102
0.5,8.5,50.0000000000102
0.5,8.6,50.0000000000102
0.5,8.7,50.0000000000102
0.5,8.8,50.0000000000102
0.5,8.9,50.0000000000102
0.5,9,50.0000000000102
0.5,9.1,50.0000000000102
0.5,9.2,50.0000000000102
0.5,9.3,50.0000000000102
0.5,9.4,50.0000000000102
0.5,9.5,50.0000000000102
0.5,9.6,50.0000000000102
0.5,9.7,50.0000000000102
0.5,9.8,50.0000000000102
0.5,9.9,50.0000000000102
0.5,10,50.0000000000102
1,0,-0.952352935533303
1,0.1,17.9751953197735
1,0.2,65.0008611203423
1,0.3,96.4347900808427
1,0.4,99.9137853769567
1,0.5,99.9982340843271
1,0.6,99.9999639746486
1,0.7,99.9999992651395
1,0.8,99.9999999850198
1,0.9,99.9999999997044
1,1,100.000000000004
1,1.1,100.00000000001
1,1.2,100.00000000001
1,1.3,100.00000000001
1,1.4,100.00000000001
1,1.5,100.00000000001
1,1.6,100.00000000001
1,1.7,100.00000000001
1,1.8,100.00000000001
1,1.9,100.00000000001
1,2,100.00000000001
1,2.1,100.00000000001
1,2.2,100.00000000001
1,2.3,100.00000000001
1,2.4,100.00000000001
1,2.5,100.00000000001
1,2.6,100.00000000001
1,2.7,100.00000000001
1,2.8,100.00000000001
1,2.9,100.00000000001
1,3,100.00000000001
1,3.1,100.00000000001
1,3.2,100.00000000001
1,3.3,100.00000000001
1,3.4,100.00000000001
1,3.5,100.00000000001
1,3.6,100.00000000001
1,3.7,100.00000000001
1,3.8,100.00000000001
1,3.9,100.00000000001
1,4,100.00000000001
1,4.1,100.00000000001
1,4.2,100.00000000001
1,4.3,100.00000000001
1,4.4,100.00000000001
1,4.5,100.00000000001
1,4.6,100.00000000001
1,4.7,100.00000000001
1,4.8,100.00000000001
1,4.9,100.00000000001
1,5,100.00000000001
1,5.1,100.00000000001
1,5.2,100.00000000001
1,5.3,100.00000000001
1,5.4,100.00000000001
1,5.5,100.00000000001
1,5.6,100.00000000001
1,5.7,100.00000000001
1,5.8,100.00000000001
1,5.9,100.00000000001
1,6,100.00000000001
1,6.1,100.00000000001
1,6.2,100.00000000001
1,6.3,100.00000000001
1,6.4,100.00000000001
1,6.5,100.00000000001
1,6.6,100.00000000001
1,6.7,100.00000000001
1,6.8,100.00000000001
1,6.9,100.00000000001
1,7,100.00000000001
1,7.1,100.00000000001
1,7.2,100.00000000001
1,7.3,100.00000000001
1,7.4,100.00000000001
1,7.5,100.00000000001
1,7.6,100.00000000001
1,7.7,100.00000000001
1,7.8,100.00000000001
1,7.9,100.00000000001
1,8,100.00000000001
1,8.1,100.00000000001
1,8.2,100.00000000001
1,8.3,100.00000000001
1,8.4,100.00000000001
1,8.5,100.00000000001
1,8.6,100.00000000001
1,8.7,100.00000000001
1,8.8,100.00000000001
1,8.9,100.00000000001
1,9,100.00000000001
1,9.1,100.00000000001
1,9.2,100.00000000001
1,9.3,100.00000000001
1,9.4,100.00000000001
1,9.5,100.00000000001
1,9.6,100.00000000001
1,9.7,100.00000000001
1,9.8,100.00000000001
1,9.9,100.00000000001
1,10,100.00000000001
1.5,0,-1.40112780642246
1.5,0.1,22.7422865457064
1.5,0.2,78.3933876975188
1.5,0.3,131.195326369187
1.5,0.4,149.126150168666
1.5,0.5,149.981467593509
1.5,0.6,149.999621652624
1.5,0.7,149.999992282075
1.5,0.8,149.999999842575
1.5,0.9,149.999999996799
1.5,1,149.999999999945
1.5,1.1,150.000000000009
1.5,1.2,150.00000000001
1.5,1.3,150.00000000001
1.5,1.4,150.00000000001
1.5,1.5,150.00000000001
1.5,1.6,150.00000000001
1.5,1.7,150.00000000001
1.5,1.8,150.00000000001
1.5,1.9,150.00000000001
1.5,2,150.00000000001
1.5,2.1,150.00000000001
1.5,2.2,150.00000000001
1.5,2.3,150.00000000001
1.5,2.4,150.00000000001
1.5,2.5,150.00000000001
1.5,2.6,150.00000000001
1.5,2.7,150.00000000001
1.5,2.8,150.00000000001
1.5,2.9,150.00000000001
1.5,3,150.00000000001
1.5,3.1,150.00000000001
1.5,3.2,150.00000000001
1.5,3.3,150.00000000001
1.5,3.4,150.00000000001
1.5,3.5,150.00000000001
1.5,3.6,150.00000000001
1.5,3.7,150.00000000001
1.5,3.8,150.00000000001
1.5,3.9,150.00000000001
1.5,4,150.00000000001
1.5,4.1,150.00000000001
1.5,4.2,150.00000000001
1.5,4.3,150.00000000001
1.5,4.4,150.00000000001
1.5,4.5,150.00000000001
1.5,4.6,150.00000000001
1.5,4.7,150.00000000001
1.5,4.8,150.00000000001
1.5,4.9,150.00000000001
1.5,5,150.00000000001
1.5,5.1,150.00000000001
1.5,5.2,150.00000000001
1.5,5.3,150.00000000001
1.5,5.4,150.00000000001
1.5,5.5,150.00000000001
1.5,5.6,150.00000000001
1.5,5.7,150.00000000001
1.5,5.8,150.00000000001
1.5,5.9,150.00000000001
1.5,6,150.00000000001
1.5,6.1,150.00000000001
1.5,6.2,150.00000000001
1.5,6.3,150.00000000001
1.5,6.4,150.00000000001
1.5,6.5,150.00000000001
1.5,6.6,150.00000000001
1.5,6.7,150.00000000001
1.5,6.8,150.00000000001
1.5,6.9,150.00000000001
1.5,7,150.00000000001
1.5,7.1,150.00000000001
1.5,7.2,150.00000000001
1.5,7.3,150.00000000001
1.5,7.4,150.00000000001
1.5,7.5,150.00000000001
1.5,7.6,150.00000000001
1.5,7.7,150.00000000001
1.5,7.8,150.00000000001
1.5,7.9,150.00000000001
1.5,8,150.00000000001
1.5,8.1,150.00000000001
1.5,8.2,150.00000000001
1.5,8.3,150.00000000001
1.5,8.4,150.00000000001
1.5,8.5,150.00000000001
1.5,8.6,150.00000000001
1.5,8.7,150.00000000001
1.5,8.8,150.00000000001
1.5,8.9,150.00000000001
1.5,9,150.00000000001
1.5,9.1,150.00000000001
1.5,9.2,150.00000000001
1.5,9.3,150.00000000001
1.5,9.4,150.00000000001
1.5,9.5,150.00000000001
1.5,9.6,150.00000000001
1.5,9.7,150.00000000001
1.5,9.8,150.00000000001
1.5,9.9,150.00000000001
1.5,10,150.00000000001
2,0,-1.83246107614247
2,0.1,26.42402222457
2,0.2,87.1640796896693
2,0.3,151.648364870718
2,0.4,193.592813058004
2,0.5,199.82814408985
2,0.6,199.996468411357
2,0.7,199.999927949393
2,0.8,199.999998530269
2,0.9,199.999999970029
2,1,199.999999999399
2,1.1,199.999999999998
2,1.2,200.00000000001
2,1.3,200.00000000001
2,1.4,200.00000000001
2,1.5,200.00000000001
2,1.6,200.00000000001
2,1.7,200.00000000001
2,1.8,200.00000000001
2,1.9,200.00000000001
2,2,200.00000000001
2,2.1,200.00000000001
2,2.2,200.00000000001
2,2.3,200.00000000001
2,2.4,200.00000000001
2,2.5,200.00000000001
2,2.6,200.00000000001
2,2.7,200.00000000001
2,2.8,200.00000000001
2,2.9,200.00000000001
2,3,200.00000000001
2,3.1,200.00000000001
2,3.2,200.00000000001
2,3.3,200.00000000001
2,3.4,200.00000000001
2,3.5,200.00000000001
2,3.6,200.00000000001
2,3.7,200.00000000001
2,3.8,200.00000000001
2,3.9,200.00000000001
2,4,200.00000000001
2,4.1,200.00000000001
2,4.2,200.00000000001
2,4.3,200.00000000001
2,4.4,200.00000000001
2,4.5,200.00000000001
2,4.6,200.00000000001
2,4.7,200.00000000001
2,4.8,200.00000000001
2,4.9,200.00000000001
2,5,200.00000000001
2,5.1,200.00000000001
2,5.2,200.00000000001
2,5.3,200.00000000001
2,5.4,200.00000000001
2,5.5,200.00000000001
2,5.6,200.00000000001
2,5.7,200.00000000001
2,5.8,200.00000000001
2,5.9,200.00000000001
2,6,200.00000000001
2,6.1,200.00000000001
2,6.2,200.00000000001
2,6.3,200.00000000001
2,6.4,200.00000000001
2,6.5,200.00000000001
2,6.6,200.00000000001
2,6.7,200.00000000001
2,6.8,200.00000000001
2,6.9,200.00000000001
2,7,200.00000000001
2,7.1,200.00000000001
2,7.2,200.00000000001
2,7.3,200.00000000001
2,7.4,200.00000000001
2,7.5,200.00000000001
2,7.6,200.00000000001
2,7.7,200.00000000001
2,7.8,200.00000000001
2,7.9,200.00000000001
2,8,200.00000000001
2,8.1,200.00000000001
2,8.2,200.00000000001
2,8.3,200.00000000001
2,8.4,200.00000000001
2,8.5,200.00000000001
2,8.6,200.00000000001
2,8.7,200.00000000001
2,8.8,200.00000000001
2,8.9,200.00000000001
2,9,200.00000000001
2,9.1,200.00000000001
2,9.2,200.00000000001
2,9.3,200.00000000001
2,9.4,200.00000000001
2,9.5,200.00000000001
2,9.6,200.00000000001
2,9.7,200.00000000001
2,9.8,200.00000000001
2,9.9,200.00000000001
2,10,200.00000000001
2.5,0,-2.24698272914289
2.5,0.1,29.4148658100264
2.5,0.2,93.5561375404169
2.5,0.3,164.226401034189
2.5,0.4,224.845175981049
2.5,0.5,248.574357075897
2.5,0.6,249.969127486104
2.5,0.7,249.999369430001
2.5,0.8,249.999987136788
2.5,0.9,249.999999737617
2.5,1,249.999999994658
2.5,1.1,249.999999999901
2.5,1.2,250.000000000008
2.5,1.3,250.00000000001
2.5,1.4,250.00000000001
2.5,1.5,250.00000000001
2.5,1.6,250.00000000001
2.5,1.7,250.00000000001
2.5,1.8,250.00000000001
2.5,1.9,250.00000000001
2.5,2,250.00000000001
2.5,2.1,250.00000000001
2.5,2.2,250.00000000001
2.5,2.3,250.00000000001
2.5,2.4,250.00000000001
2.5,2.5,250.00000000001
2.5,2.6,250.00000000001
2.5,2.7,250.00000000001
2.5,2.8,250.00000000001
2.5,2.9,250.00000000001
2.5,3,250.00000000001
2.5,3.1,250.00000000001
2.5,3.2,250.00000000001
2.5,3.3,250.00000000001
2.5,3.4,250.00000000001
2.5,3.5,250.00000000001
2.5,3.6,250.00000000001
2.5,3.7,250.00000000001
2.5,3.8,250.00000000001
2.5,3.9,250.00000000001
2.5,4,250.00000000001
2.5,4.1,250.00000000001
2.5,4.2,250.00000000001
2.5,4.3,250.00000000001
2.5,4.4,250.00000000001
2.5,4.5,250.00000000001
2.5,4.6,250.00000000001
2.5,4.7,250.00000000001
2.5,4.8,250.00000000001
2.5,4.9,250.00000000001
2.5,5,250.00000000001
2.5,5.1,250.00000000001
2.5,5.2,250.00000000001
2.5,5.3,250.00000000001
2.5,5.4,250.00000000001
2.5,5.5,250.00000000001
2.5,5.6,250.00000000001
2.5,5.7,250.00000000001
2.5,5.8,250.00000000001
2.5,5.9,250.00000000001
2.5,6,250.00000000001
2.5,6.1,250.00000000001
2.5,6.2,250.00000000001
2.5,6.3,250.00000000001
2.5,6.4,250.00000000001
2.5,6.5,250.00000000001
2.5,6.6,250.00000000001
2.5,6.7,250.00000000001
2.5,6.8,250.00000000001
2.5,6.9,250.00000000001
2.5,7,250.00000000001
2.5,7.1,250.00000000001
2.5,7.2,250.00000000001
2.5,7.3,250.00000000001
2.5,7.4,250.00000000001
2.5,7.5,250.00000000001
2.5,7.6,250.00000000001
2.5,7.7,250.00000000001
2.5,7.8,250.00000000001
2.5,7.9,250.00000000001
2.5,8,250.00000000001
2.5,8.1,250.00000000001
2.5,8.2,250.00000000001
2.5,8.3,250.00000000001
2.5,8.4,250.00000000001
2.5,8.5,250.00000000001
2.5,8.6,250.00000000001
2.5,8.7,250.00000000001
2.5,8.8,250.00000000001
2.5,8.9,250.00000000001
2.5,9,250.00000000001
2.5,9.1,250.00000000001
2.5,9.2,250.00000000001
2.5,9.3,250.00000000001
2.5,9.4,250.00000000001
2.5,9.5,250.00000000001
2.5,9.6,250.00000000001
2.5,9.7,250.00000000001
2.5,9.8,250.00000000001
2.5,9.9,250.00000000001
2.5,10,250.00000000001
3,0,-2.64532470280644
3,0.1,31.9273117935967
3,0.2,98.5393261531167
3,0.3,172.901377395022
3,0.4,243.517130973415
3,0.5,291.214546712248
3,0.6,299.743071189335
3,0.7,299.994702981024
3,0.8,299.999891924248
3,0.9,299.999997795398
3,1,299.999999955039
3,1.1,299.999999999093
3,1.2,299.999999999991
3,1.3,300.00000000001
3,1.4,300.00000000001
3,1.5,300.00000000001
3,1.6,300.00000000001
3,1.7,300.00000000001
3,1.8,300.00000000001
3,1.9,300.00000000001
3,2,300.00000000001
3,2.1,300.00000000001
3,2.2,300.00000000001
3,2.3,300.00000000001
3,2.4,300.00000000001
3,2.5,300.00000000001
3,2.6,300.00000000001
3,2.7,300.00000000001
3,2.8,300.00000000001
3,2.9,300.00000000001
3,3,300.00000000001
3,3.1,300.00000000001
3,3.2,300.00000000001
3,3.3,300.00000000001
3,3.4,300.00000000001
3,3.5,300.00000000001
3,3.6,300.00000000001
3,3.7,300.00000000001
3,3.8,300.00000000001
3,3.9,300.00000000001
3,4,300.00000000001
3,4.1,300.00000000001
3,4.2,300.00000000001
3,4.3,300.00000000001
3,4.4,300.00000000001
3,4.5,300.00000000001
3,4.6,300.00000000001
3,4.7,300.00000000001
3,4.8,300.00000000001
3,4.9,300.00000000001
3,5,300.00000000001
3,5.1,300.00000000001
3,5.2,300.00000000001
3,5.3,300.00000000001
3,5.4,300.00000000001
3,5.5,300.00000000001
3,5.6,300.00000000001
3,5.7,300.00000000001
3,5.8,300.00000000001
3,5.9,300.00000000001
3,6,300.00000000001
3,6.1,300.00000000001
3,6.2,300.00000000001
3,6.3,300.00000000001
3,6.4,300.00000000001
3,6.5,300.00000000001
3,6.6,300.00000000001
3,6.7,300.00000000001
3,6.8,300.00000000001
3,6.9,300.00000000001
3,7,300.00000000001
3,7.1,300.00000000001
3,7.2,300.00000000001
3,7.3,300.00000000001
3,7.4,300.00000000001
3,7.5,300.00000000001
3,7.6,300.00000000001
3,7.7,300.00000000001
3,7.8,300.00000000001
3,7.9,300.00000000001
3,8,300.00000000001
3,8.1,300.00000000001
3,8.2,300.00000000001
3,8.3,300.00000000001
3,8.4,300.00000000001
3,8.5,300.00000000001
3,8.6,300.00000000001
3,8.7,300.00000000001
3,8.8,300.00000000001
3,8.9,300.00000000001
3,9,300.00000000001
3,9.1,300.00000000001
3,9.2,300.00000000001
3,9.3,300.00000000001
3,9.4,300.00000000001
3,9.5,300.00000000001
3,9.6,300.00000000001
3,9.7,300.00000000001
3,9.8,300.00000000001
3,9.9,300.00000000001
3,10,300.00000000001
3.5,0,-3.02811634246228
3.5,0.1,34.0889141627278
3.5,0.2,102.601635459633
3.5,0.3,179.407041416384
3.5,0.4,255.453695910484
3.5,0.5,320.161549836276
3.5,0.6,348.044609484945
3.5,0.7,349.956799213122
3.5,0.8,349.999117216269
3.5,0.9,349.999981991502
3.5,1,349.99999963266
3.5,1.1,349.999999992517
3.5,1.2,349.999999999857
3.5,1.3,350.000000000007
3.5,1.4,350.00000000001
3.5,1.5,350.00000000001
3.5,1.6,350.00000000001
3.5,1.7,350.00000000001
3.5,1.8,350.00000000001
3.5,1.9,350.00000000001
3.5,2,350.00000000001
3.5,2.1,350.00000000001
3.5,2.2,350.00000000001
3.5,2.3,350.00000000001
3.5,2.4,350.00000000001
3.5,2.5,350.00000000001
3.5,2.6,350.00000000001
3.5,2.7,350.00000000001
3.5,2.8,350.00000000001
3.5,2.9,350.00000000001
3.5,3,350.00000000001
3.5,3.1,350.00000000001
3.5,3.2,350.00000000001
3.5,3.3,350.00000000001
3.5,3.4,350.00000000001
3.5,3.5,350.00000000001
3.5,3.6,350.00000000001
3.5,3.7,350.00000000001
3.5,3.8,350.00000000001
3.5,3.9,350.00000000001
3.5,4,350.00000000001
3.5,4.1,350.00000000001
3.5,4.2,350.00000000001
3.5,4.3,350.00000000001
3.5,4.4,350.00000000001
3.5,4.5,350.00000000001
3.5,4.6,350.00000000001
3.5,4.7,350.00000000001
3.5,4.8,350.00000000001
3.5,4.9,350.00000000001
3.5,5,350.00000000001
3.5,5.1,350.00000000001
3.5,5.2,350.00000000001
3.5,5.3,350.00000000001
3.5,5.4,350.00000000001
3.5,5.5,350.00000000001
3.5,5.6,350.00000000001
3.5,5.7,350.00000000001
3.5,5.8,350.00000000001
3.5,5.9,350.00000000001
3.5,6,350.00000000001
3.5,6.1,350.00000000001
3.5,6.2,350.00000000001
3.5,6.3,350.00000000001
3.5,6.4,350.00000000001
3.5,6.5,350.00000000001
3.5,6.6,350.00000000001
3.5,6.7,350.00000000001
3.5,6.8,350.00000000001
3.5,6.9,350.00000000001
3.5,7,350.00000000001
3.5,7.1,350.00000000001
3.5,7.2,350.00000000001
3.5,7.3,350.00000000001
3.5,7.4,350.00000000001
3.5,7.5,350.00000000001
3.5,7.6,350.00000000001
3.5,7.7,350.00000000001
3.5,7.8,350.00000000001
3.5,7.9,350.00000000001
3.5,8,350.00000000001
3.5,8.1,350.00000000001
3.5,8.2,350.00000000001
3.5,8.3,350.00000000001
3.5,8.4,350.00000000001
3.5,8.5,350.00000000001
3.5,8.6,350.00000000001
3.5,8.7,350.00000000001
3.5,8.8,350.00000000001
3.5,8.9,350.00000000001
3.5,9,350.00000000001
3.5,9.1,350.00000000001
3.5,9.2,350.00000000001
3.5,9.3,350.00000000001
3.5,9.4,350.00000000001
3.5,9.5,350.00000000001
3.5,9.6,350.00000000001
3.5,9.7,350.00000000001
3.5,9.8,350.00000000001
3.5,9.9,350.00000000001
3.5,10,350.00000000001
4,0,-3.39598044920841
4,0.1,35.9822498093525
4,0.2,106.018782628127
4,0.3,184.567365031141
4,0.4,263.903728556041
4,0.5,337.672342096469
4,0.6,389.161716493857
4,0.7,399.658558130114
4,0.8,399.992937793254
4,0.9,399.999855899218
4,1,399.999997060528
4,1.1,399.999999940049
4,1.2,399.999999998787
4,1.3,399.999999999985
4,1.4,400.00000000001
4,1.5,400.00000000001
4,1.6,400.00000000001
4,1.7,400.00000000001
4,1.8,400.00000000001
4,1.9,400.00000000001
4,2,400.00000000001
4,2.1,400.00000000001
4,2.2,400.00000000001
4,2.3,400.00000000001
4,2.4,400.00000000001
4,2.5,400.00000000001
4,2.6,400.00000000001
4,2.7,400.00000000001
4,2.8,400.00000000001
4,2.9,400.00000000001
4,3,400.00000000001
4,3.1,400.00000000001
4,3.2,400.00000000001
4,3.3,400.00000000001
4,3.4,400.00000000001
4,3.5,400.00000000001
4,3.6,400.00000000001
4,3.7,400.00000000001
4,3.8,400.00000000001
4,3.9,400.00000000001
4,4,400.00000000001
4,4.1,400.00000000001
4,4.2,400.00000000001
4,4.3,400.00000000001
4,4.4,400.00000000001
4,4.5,400.00000000001
4,4.6,400.00000000001
4,4.7,400.00000000001
4,4.8,400.00000000001
4,4.9,400.00000000001
4,5,400.00000000001
4,5.1,400.00000000001
4,5.2,400.00000000001
4,5.3,400.00000000001
4,5.4,400.00000000001
4,5.5,400.00000000001
4,5.6,400.00000000001
4,5.7,400.00000000001
4,5.8,400.00000000001
4,5.9,400.00000000001
4,6,400.00000000001
4,6.1,400.00000000001
4,6.2,400.00000000001
4,6.3,400.00000000001
4,6.4,400.00000000001
4,6.5,400.00000000001
4,6.6,400.00000000001
4,6.7,400.00000000001
4,6.8,400.00000000001
4,6.9,400.00000000001
4,7,400.00000000001
4,7.1,400.00000000001
4,7.2,400.00000000001
4,7.3,400.00000000001
4,7.4,400.00000000001
4,7.5,400.00000000001
4,7.6,400.00000000001
4,7.7,400.00000000001
4,7.8,400.00000000001
4,7.9,400.00000000001
4,8,400.00000000001
4,8.1,400.00000000001
4,8.2,400.00000000001
4,8.3,400.00000000001
4,8.4,400.00000000001
4,8.5,400.00000000001
4,8.6,400.00000000001
4,8.7,400.00000000001
4,8.8,400.00000000001
4,8.9,400.00000000001
4,9,400.00000000001
4,9.1,400.00000000001
4,9.2,400.00000000001
4,9.3,400.00000000001
4,9.4,400.00000000001
4,9.5,400.00000000001
4,9.6,400.00000000001
4,9.7,400.00000000001
4,9.8,400.00000000001
4,9.9,400.00000000001
4,10,400.00000000001
4.5,0,-3.74953004434716
4.5,0.1,37.6638492213776
4.5,0.2,108.960415650003
4.5,0.3,188.822622516349
4.5,0.4,270.344243386423
4.5,0.5,349.131119291777
4.5,0.6,416.436067394268
4.5,0.7,447.535034549557
4.5,0.8,449.944482749201
4.5,0.9,449.99886501289
4.5,1,449.999976846219
4.5,1.1,449.999999527703
4.5,1.2,449.999999990376
4.5,1.3,449.999999999814
4.5,1.4,450.000000000006
4.5,1.5,450.00000000001
4.5,1.6,450.00000000001
4.5,1.7,450.00000000001
4.5,1.8,450.00000000001
4.5,1.9,450.00000000001
4.5,2,450.00000000001
4.5,2.1,450.00000000001
4.5,2.2,450.00000000001
4.5,2.3,450.00000000001
4.5,2.4,450.00000000001
4.5,2.5,450.00000000001
4.5,2.6,450.00000000001
4.5,2.7,450.00000000001
4.5,2.8,450.00000000001
4.5,2.9,450.00000000001
4.5,3,450.00000000001
4.5,3.1,450.00000000001
4.5,3.2,450.00000000001
4.5,3.3,450.00000000001
4.5,3.4,450.00000000001
4.5,3.5,450.00000000001
4.5,3.6,450.00000000001
4.5,3.7,450.00000000001
4.5,3.8,450.00000000001
4.5,3.9,450.00000000001
4.5,4,450.00000000001
4.5,4.1,450.00000000001
4.5,4.2,450.00000000001
4.5,4.3,450.00000000001
4.5,4.4,450.00000000001
4.5,4.5,450.00000000001
4.5,4.6,450.00000000001
4.5,4.7,450.00000000001
4.5,4.8,450.00000000001
4.5,4.9,450.00000000001
4.5,5,450.00000000001
4.5,5.1,450.00000000001
4.5,5.2,450.00000000001
4.5,5.3,450.00000000001
4.5,5.4,450.00000000001
4.5,5.5,450.00000000001
4.5,5.6,450.00000000001
4.5,5.7,450.00000000001
4.5,5.8,450.00000000001
4.5,5.9,450.00000000001
4.5,6,450.00000000001
4.5,6.1,450.00000000001
4.5,6.2,450.00000000001
4.5,6.3,450.00000000001
4.5,6.4,450.00000000001
4.5,6.5,450.00000000001
4.5,6.6,450.00000000001
4.5,6.7,450.00000000001
4.5,6.8,450.00000000001
4.5,6.9,450.00000000001
4.5,7,450.00000000001
4.5,7.1,450.00000000001
4.5,7.2,450.00000000001
4.5,7.3,450.00000000001
4.5,7.4,450.00000000001
4.5,7.5,450.00000000001
4.5,7.6,450.00000000001
4.5,7.7,450.00000000001
4.5,7.8,450.00000000001
4.5,7.9,450.00000000001
4.5,8,450.00000000001
4.5,8.1,450.00000000001
4.5,8.2,450.00000000001
4.5,8.3,450.00000000001
4.5,8.4,450.00000000001
4.5,8.5,450.00000000001
4.5,8.6,450.00000000001
4.5,8.7,450.00000000001
4.5,8.8,450.00000000001
4.5,8.9,450.00000000001
4.5,9,450.00000000001
4.5,9.1,450.00000000001
4.5,9.2,450.00000000001
4.5,9.3,450.00000000001
4.5,9.4,450.00000000001
4.5,9.5,450.00000000001
4.5,9.6,450.00000000001
4.5,9.7,450.00000000001
4.5,9.8,450.00000000001
4.5,9.9,450.00000000001
4.5,10,450.00000000001
5,0,-4.08936558122391
5,0.1,39.1741131792577
5,0.2,111.537820373255
5,0.3,192.43148823638
5,0.4,275.507662389389
5,0.5,357.375868846035
5,0.6,433.108162908118
5,0.7,487.351160478762
5,0.8,499.5746009298
5,0.9,499.991172847972
5,1,499.999819874306
5,1.1,499.999996325657
5,1.2,499.999999925058
5,1.3,499.999999998481
5,1.4,499.999999999979
5,1.5,500.00000000001
5,1.6,500.00000000001
5,1.7,500.00000000001
5,1.8,500.00000000001
5,1.9,500.00000000001
5,2,500.00000000001
5,2.1,500.00000000001
5,2.2,500.00000000001
5,2.3,500.00000000001
5,2.4,500.00000000001
5,2.5,500.00000000001
5,2.6,500.00000000001
5,2.7,500.00000000001
5,2.8,500.00000000001
5,2.9,500.00000000001
5,3,500.00000000001
5,3.1,500.00000000001
5,3.2,500.00000000001
5,3.3,500.00000000001
5,3.4,500.00000000001
5,3.5,500.00000000001
5,3.6,500.00000000001
5,3.7,500.00000000001
5,3.8,500.00000000001
5,3.9,500.00000000001
5,4,500.00000000001
5,4.1,500.00000000001
5,4.2,500.00000000001
5,4.3,500.00000000001
5,4.4,500.00000000001
5,4.5,500.00000000001
5,4.6,500.00000000001
5,4.7,500.00000000001
5,4.8,500.00000000001
5,4.9,500.00000000001
5,5,500.00000000001
5,5.1,500.00000000001
5,5.2,500.00000000001
5,5.3,500.00000000001
5,5.4,500.00000000001
5,5.5,500.00000000001
5,5.6,500.00000000001
5,5.7,500.00000000001
5,5.8,500.00000000001
5,5.9,500.00000000001
5,6,500.00000000001
5,6.1,500.00000000001
5,6.2,500.00000000001
5,6.3,500.00000000001
5,6.4,500.00000000001
5,6.5,500.00000000001
5,6.6,500.00000000001
5,6.7,500.00000000001
5,6.8,500.00000000001
5,6.9,500.00000000001
5,7,500.00000000001
5,7.1,500.00000000001
5,7.2,500.00000000001
5,7.3,500.00000000001
5,7.4,500.00000000001
5,7.5,500.00000000001
5,7.6,500.00000000001
5,7.7,500.00000000001
5,7.8,500.00000000001
5,7.9,500.00000000001
5,8,500.00000000001
5,8.1,500.00000000001
5,8.2,500.00000000001
5,8.3,500.00000000001
5,8.4,500.00000000001
5,8.5,500.00000000001
5,8.6,500.00000000001
5,8.7,500.00000000001
5,8.8,500.00000000001
5,8.9,500.00000000001
5,9,500.00000000001
5,9.1,500.00000000001
5,9.2,500.00000000001
5,9.3,500.00000000001
5,9.4,500.00000000001
5,9.5,500.00000000001
5,9.6,500.00000000001
5,9.7,500.00000000001
5,9.8,500.00000000001
5,9.9,500.00000000001
5,10,500.00000000001
